[
  {
    "id": "blaze",
    "displayName": "Blaze",
    "livingMatter": "hellish",
    "simulationRFCost": 1024,
    "craftingIngredients": [
      "minecraft:blaze_powder",
	  "deepmoblearning:living_matter_hellish",
	  "deepmoblearning:living_matter_hellish",
	  "deepmoblearning:living_matter_hellish",
	  "deepmoblearning:living_matter_hellish",
	  "deepmoblearning:living_matter_hellish",
	  "deepmoblearning:living_matter_hellish",
	  "deepmoblearning:living_matter_hellish"
    ],
    "associatedMobs": [
      "minecraft:blaze"
    ],
    "lootItems": [
      "minecraft:blaze_rod,10",
      "gregtech:meta_dust,32,103",
	  "minecraft:magma,32"
    ],
    "deepLearnerDisplay": {
      "hearts": 10,
      "mobTrivia": [
        "Bring buckets of water, and watch in despair",
        "as it evaporates, and everything is on fire.",
        "You are on fire."
      ],
      "entity": "minecraft:blaze",
      "entityScale": 48,
      "entityOffsetX": 10,
      "entityOffsetY": 20
    }
  },
  {
    "id": "creeper",
    "displayName": "Creeper",
    "livingMatter": "overworldian",
    "simulationRFCost": 64,
    "craftingIngredients": [
      "minecraft:gunpowder",
	  "deepmoblearning:living_matter_overworldian",
	  "deepmoblearning:living_matter_overworldian",
	  "deepmoblearning:living_matter_overworldian",
	  "deepmoblearning:living_matter_overworldian",
	  "deepmoblearning:living_matter_overworldian",
	  "deepmoblearning:living_matter_overworldian",
	  "deepmoblearning:living_matter_overworldian"
    ],
    "associatedMobs": [
      "minecraft:creeper"
    ],
    "lootItems": [
      "minecraft:gunpowder,32",
	  "minecraft:coal,32,0",
      "minecraft:skull,6,4"
    ],
    "deepLearnerDisplay": {
      "hearts": 10,
      "mobTrivia": [
        "Will blow up your base if",
        "left unattended."
      ],
      "entity": "minecraft:creeper",
      "entityScale": 42,
      "entityOffsetX": 5,
      "entityOffsetY": 5
    }
  },
  {
    "id": "dragon",
    "displayName": "Ender Dragon",
    "livingMatter": "extraterrestrial",
    "simulationRFCost": 6666,
    "craftingIngredients": [
      "contenttweaker:dragonlairdata",
	  "deepmoblearning:living_matter_extraterrestrial",
	  "deepmoblearning:living_matter_extraterrestrial",
	  "deepmoblearning:living_matter_extraterrestrial",
	  "deepmoblearning:living_matter_extraterrestrial",
	  "deepmoblearning:living_matter_extraterrestrial",
	  "deepmoblearning:living_matter_extraterrestrial",
	  "deepmoblearning:living_matter_extraterrestrial"
    ],
    "associatedMobs": [
      "minecraft:ender_dragon"
    ],
    "lootItems": [
      "armorplus:material,1,3",
      "minecraft:dragon_breath,1,0",
      "contenttweaker:dragonlairdata,1,0"
    ],
    "deepLearnerDisplay": {
      "hearts": 100,
      "mobTrivia": [
        "Resides in the End, does not harbor treasure.",
        "Destroy its crystals and break the cycle!"
      ],
      "entity": "minecraft:ender_dragon",
      "entityScale": 7,
      "entityOffsetX": 0,
      "entityOffsetY": -20
    }
  },
  {
    "id": "enderman",
    "displayName": "Enderman",
    "displayNamePlural": "Endermen",
    "livingMatter": "extraterrestrial",
    "simulationRFCost": 2048,
    "craftingIngredients": [
      "minecraft:ender_pearl",
	  "deepmoblearning:living_matter_extraterrestrial",
	  "deepmoblearning:living_matter_extraterrestrial",
	  "deepmoblearning:living_matter_extraterrestrial",
	  "deepmoblearning:living_matter_extraterrestrial",
	  "deepmoblearning:living_matter_extraterrestrial",
	  "deepmoblearning:living_matter_extraterrestrial",
	  "deepmoblearning:living_matter_extraterrestrial"
    ],
    "associatedMobs": [
      "minecraft:enderman",
      "minecraft:endermite"
    ],
    "lootItems": [
      "minecraft:ender_pearl,6",
	  "minecraft:emerald,6",
      "enderio:block_enderman_skull,2",
      "contenttweaker:impossiblerealmdata,1,0"
    ],
    "trial": {
      "entities": "deepmoblearning:trial_enderman",
      "spawnDelay": 2.6,
      "rewards": [
        "deepmoblearning:glitch_heart,5"
      ]
    },
    "deepLearnerDisplay": {
      "hearts": 20,
      "mobTrivia": [
        "Friendly unless provoked, dislikes rain.",
        "Teleports short distances."
      ],
      "entity": "minecraft:enderman",
      "entityScale": 30,
      "entityOffsetX": 5,
      "entityOffsetY": 11
    }
  },
  {
    "id": "ghast",
    "displayName": "Ghast",
    "livingMatter": "hellish",
    "simulationRFCost": 1024,
    "craftingIngredients": [
      "minecraft:ghast_tear",
	  "deepmoblearning:living_matter_hellish",
	  "deepmoblearning:living_matter_hellish",
	  "deepmoblearning:living_matter_hellish",
	  "deepmoblearning:living_matter_hellish",
	  "deepmoblearning:living_matter_hellish",
	  "deepmoblearning:living_matter_hellish",
	  "deepmoblearning:living_matter_hellish"
    ],
    "associatedMobs": [
      "minecraft:ghast"
    ],
    "lootItems": [
      "minecraft:ghast_tear,2",
	  "gregtech:meta_ingot,12,100"
    ],
    "deepLearnerDisplay": {
      "hearts": 10,
      "mobTrivia": [
        "If you hear something that sounds like",
        "a crying llama, you're probably hearing a ghast."
      ],
      "entity": "minecraft:ghast",
      "entityScale": 10,
      "entityOffsetX": 0,
      "entityOffsetY": -20
    }
  },
  {
    "id": "guardian",
    "displayName": "Guardian",
    "livingMatter": "overworldian",
    "simulationRFCost": 1024,
    "craftingIngredients": [
      "minecraft:prismarine_shard",
	  "deepmoblearning:living_matter_overworldian",
	  "deepmoblearning:living_matter_overworldian",
	  "deepmoblearning:living_matter_overworldian",
	  "deepmoblearning:living_matter_overworldian",
	  "deepmoblearning:living_matter_overworldian",
	  "deepmoblearning:living_matter_overworldian",
	  "deepmoblearning:living_matter_overworldian"
    ],
    "associatedMobs": [
      "minecraft:guardian",
      "minecraft:elder_guardian"
    ],
    "lootItems": [
      "minecraft:prismarine_shard,32",
      "minecraft:prismarine_crystals,32",
      "minecraft:fish,64,0",
	  "minecraft:gold_ingot,8,0",
	  "gregtech:meta_dust,12,2",
	  "armorplus:material,4,1"
    ],
    "deepLearnerDisplay": {
      "hearts": 15,
      "mobTrivia": [
        "Lurking in the oceans.",
        "Uses some sort of sonar beam as",
        "a means of attack."
      ],
      "entity": "minecraft:guardian",
      "entityScale": 36,
      "entityOffsetX": 5,
      "entityOffsetY": -5
    }
  },
  {
    "id": "shulker",
    "displayName": "Shulker",
    "livingMatter": "extraterrestrial",
    "simulationRFCost": 512,
    "craftingIngredients": [
      "minecraft:diamond",
	  "deepmoblearning:living_matter_extraterrestrial",
	  "deepmoblearning:living_matter_extraterrestrial",
	  "deepmoblearning:living_matter_extraterrestrial",
	  "deepmoblearning:living_matter_extraterrestrial",
	  "deepmoblearning:living_matter_extraterrestrial",
	  "deepmoblearning:living_matter_extraterrestrial",
	  "deepmoblearning:living_matter_extraterrestrial"
    ],
    "associatedMobs": [
      "minecraft:shulker"
    ],
    "lootItems": [
      "minecraft:shulker_shell,6",
      "minecraft:diamond,6"
    ],
    "deepLearnerDisplay": {
      "hearts": 15,
      "mobTrivia": [
        "Found in End cities.",
        "Sneaky little buggers."
      ],
      "entity": "minecraft:shulker",
      "entityScale": 36,
      "entityOffsetX": 5,
      "entityOffsetY": -5
    }
  },
  {
    "id": "skeleton",
    "displayName": "Skeleton",
    "livingMatter": "overworldian",
    "simulationRFCost": 64,
    "craftingIngredients": [
      "minecraft:bone"
    ],
    "associatedMobs": [
      "minecraft:skeleton",
      "minecraft:stray",
      "twilightforest:skeleton_druid"
    ],
    "lootItems": [
      "minecraft:bone,64",
      "minecraft:arrow,64",
      "minecraft:skull,6",
	  "gregtech:meta_ingot,8,112"
    ],
    "trial": {
      "entities": [
        "minecraft:stray,33",
        "minecraft:skeleton,67"
      ],
      "rewards": [
        "deepmoblearning:glitch_heart,3"
      ]
    },
    "deepLearnerDisplay": {
      "hearts": 10,
      "mobTrivia": [
        "A formidable archer, which seems to be running",
        "some sort of cheat engine.",
        "A shield could prove useful."
      ],
      "entity": "minecraft:skeleton",
      "entityHeldItem": "minecraft:bow",
      "entityScale": 38,
      "entityOffsetX": 6,
      "entityOffsetY": 10
    }
  },
  {
    "id": "slime",
    "displayName": "Slime",
    "livingMatter": "overworldian",
    "simulationRFCost": 64,
    "craftingIngredients": [
      "minecraft:slime_ball"
    ],
    "associatedMobs": [
      "minecraft:slime",
      "minecraft:magma_cube"
    ],
    "lootItems": [
      "minecraft:slime_ball,32",
	  "gregtech:meta_ingot,4,69",
	  "thermalfoundation:coin,8,64",
	  "thermalfoundation:coin,6,66",
	  "thermalfoundation:coin,2,1",
	  "thermalfoundation:coin,1,70"
    ],
    "trial": {
      "entities": "deepmoblearning:trial_slime",
      "spawnDelay": 1.6,
      "rewards": [
        "deepmoblearning:glitch_heart,3"
      ]
    },
    "deepLearnerDisplay": {
      "hearts": 8,
      "mobTrivia": [
        "The bouncing bouncer",
        "bounces, bounces and bounces",
        "Bounces and bou- squish! -\"A new slime haiku\""
      ],
      "entity": "minecraft:slime",
      "entityScale": 60,
      "entityOffsetX": 10,
      "entityOffsetY": -16
    }
  },
  {
    "id": "spider",
    "displayName": "Spider",
    "livingMatter": "overworldian",
    "simulationRFCost": 64,
    "craftingIngredients": [
      "minecraft:spider_eye",
	  "deepmoblearning:living_matter_overworldian",
	  "deepmoblearning:living_matter_overworldian",
	  "deepmoblearning:living_matter_overworldian",
	  "deepmoblearning:living_matter_overworldian",
	  "deepmoblearning:living_matter_overworldian",
	  "deepmoblearning:living_matter_overworldian",
	  "deepmoblearning:living_matter_overworldian"
    ],
    "associatedMobs": [
      "minecraft:spider",
      "minecraft:cave_spider",
      "twilightforest:hedge_spider",
      "twilightforest:king_spider"
    ],
    "lootItems": [
      "minecraft:spider_eye,8",
      "minecraft:string,32",
      "gregtech:meta_ingot,12,25"
    ],
    "trial": {
      "entities": [
        "deepmoblearning:trial_spider,88",
        "deepmoblearning:trial_cave_spider,12"
      ],
      "rewards": [
        "deepmoblearning:glitch_heart,4"
      ]
    },
    "deepLearnerDisplay": {
      "hearts": 8,
      "mobTrivia": [
        "Nocturnal douchebags, beware!",
        "Drops strands of string for some reason."
      ],
      "entity": "minecraft:spider",
      "entityScale": 30,
      "entityOffsetX": 5,
      "entityOffsetY": 0,
      "extraEntity": "minecraft:cave_spider",
      "extraEntityIsChild": false,
      "extraEntityOffsetX": 5,
      "extraEntityOffsetY": -25
    }
  },
  {
    "id": "witch",
    "displayName": "Witch",
    "displayNamePlural": "Witches",
    "livingMatter": "overworldian",
    "simulationRFCost": 512,
    "craftingIngredients": [
      "minecraft:glass_bottle",
	  "deepmoblearning:living_matter_overworldian",
	  "deepmoblearning:living_matter_overworldian",
	  "deepmoblearning:living_matter_overworldian",
	  "deepmoblearning:living_matter_overworldian",
	  "deepmoblearning:living_matter_overworldian",
	  "deepmoblearning:living_matter_overworldian",
	  "deepmoblearning:living_matter_overworldian"
    ],
    "associatedMobs": [
      "minecraft:witch"
    ],
    "lootItems": [
      "minecraft:redstone,16",
      "minecraft:glowstone_dust,16",
      "minecraft:sugar,16"
    ],
    "trial": {
      "entities": "minecraft:witch",
      "rewards": [
        "deepmoblearning:glitch_heart,6"
      ]
    },
    "deepLearnerDisplay": {
      "hearts": 13,
      "mobTrivia": [
        "Affinity with potions and concoctions.",
        "Likes cats.",
        "Beware!"
      ],
      "entity": "minecraft:witch",
      "entityHeldItem": "minecraft:potion",
      "entityScale": 34,
      "entityOffsetX": 4,
      "entityOffsetY": 11
    }
  },
  {
    "id": "wither",
    "displayName": "Wither",
    "livingMatter": "extraterrestrial",
    "simulationRFCost": 6666,
    "craftingIngredients": [
      "minecraft:nether_star"
    ],
    "associatedMobs": [
      "minecraft:wither"
    ],
    "lootItems": [
      "armorplus:material,1,2",
	  "extrautils2:ingredients,1,10",
	  "contenttweaker:witherrealmdata,1,0"
    ],
    "deepLearnerDisplay": {
      "hearts": 150,
      "mobTrivia": [
        "Do not approach this enemy. Run!",
        "I mean it has 3 heads, what could",
        "possibly go wrong?"
      ],
      "entity": "minecraft:wither",
      "entityScale": 22,
      "entityOffsetX": 3,
      "entityOffsetY": 18
    }
  },
  {
    "id": "wither_skeleton",
    "displayName": "Wither Skeleton",
    "livingMatter": "hellish",
    "simulationRFCost": 1024,
    "craftingIngredients": [
      "minecraft:skull,1,1",
	  "deepmoblearning:living_matter_hellish",
	  "deepmoblearning:living_matter_hellish",
	  "deepmoblearning:living_matter_hellish",
	  "deepmoblearning:living_matter_hellish",
	  "deepmoblearning:living_matter_hellish",
	  "deepmoblearning:living_matter_hellish",
	  "deepmoblearning:living_matter_hellish"
    ],
    "associatedMobs": [
      "minecraft:wither_skeleton"
    ],
    "lootItems": [
      "minecraft:skull,4,1",
      "gregtech:meta_ingot,12,55"
    ],
    "trial": {
      "entities": "minecraft:wither_skeleton",
      "spawnDelay": 3.2,
      "rewards": [
        "deepmoblearning:glitch_heart,5"
      ]
    },
    "deepLearnerDisplay": {
      "hearts": 10,
      "mobTrivia": [
        "Inflicts the Wither effect.",
        "Bring milk!"
      ],
      "entity": "minecraft:wither_skeleton",
      "entityHeldItem": "minecraft:stone_sword",
      "entityScale": 33,
      "entityOffsetX": 5,
      "entityOffsetY": 10
    }
  },
  {
    "id": "zombie",
    "displayName": "Zombie",
    "livingMatter": "overworldian",
    "simulationRFCost": 64,
    "craftingIngredients": [
      "minecraft:rotten_flesh"
    ],
    "associatedMobs": [
      "minecraft:zombie",
      "minecraft:husk",
      "minecraft:zombie_villager",
      "minecraft:zombie_pigman"
    ],
    "lootItems": [
      "minecraft:rotten_flesh,64",
      "minecraft:iron_ingot,12",
      "minecraft:carrot,32",
      "minecraft:potato,32",
	  "minecraft:skull,6,2"
    ],
    "trial": {
      "entities": [
        "minecraft:zombie,45",
        "minecraft:husk,30",
        "minecraft:zombie_villager,25"
      ],
      "mobsPerWave": [ 4, 5, 6, 6, 10, 14, 20 ],
      "rewards": [
        "deepmoblearning:glitch_heart,3"
      ]
    },
    "deepLearnerDisplay": {
      "hearts": 10,
      "mobTrivia": [
        "They go moan in the night.",
        "Does not understand the need for",
        "personal space."
      ],
      "entity": "minecraft:zombie",
      "entityScale": 35,
      "entityOffsetX": -2,
      "entityOffsetY": 6,
      "extraEntity": "minecraft:zombie",
      "extraEntityIsChild": true,
      "extraEntityOffsetX": 21,
      "extraEntityOffsetY": 6
    }
  },
  {
    "id": "thermal_elemental",
    "mod": "thermalfoundation",
    "displayName": "Thermal Elemental",
    "livingMatter": "overworldian",
    "simulationRFCost": 1024,
    "craftingIngredients": [
      "thermalfoundation:material,1,1026",
	  "deepmoblearning:living_matter_overworldian",
	  "deepmoblearning:living_matter_overworldian",
	  "deepmoblearning:living_matter_overworldian",
	  "deepmoblearning:living_matter_overworldian",
	  "deepmoblearning:living_matter_overworldian",
	  "deepmoblearning:living_matter_overworldian",
	  "deepmoblearning:living_matter_overworldian"
    ],
    "associatedMobs": [
      "thermalfoundation:blizz",
      "thermalfoundation:blitz",
      "thermalfoundation:basalz"
    ],
    "lootItems": [
      "gregtech:meta_dust,16,313",
      "gregtech:meta_dust,16,297",
      "minecraft:snowball,64,0",
	  "thermalfoundation:material,8,2050",
	  "thermalfoundation:material,8,2052",
	  "thermalfoundation:material,8,2048"
    ],
    "deepLearnerDisplay": {
      "hearts": 10,
      "mobTrivia": [
        "Blizzes, Blitzes and Basalzes.",
        "Siblings of the Blaze.",
        "Their master really liked words starting with B."
      ],
      "entity": "thermalfoundation:blizz",
      "entityScale": 48,
      "entityOffsetX": 10,
      "entityOffsetY": 20
    }
  }
]